City,Lat,Lng,Max Temp,Humidity,Cloudiness,Wind Speed,Country,Date
Albany,42.6001,-73.9662,55.0,73,100,1.01,US,1619796182
Yellowknife,62.456,-114.3525,27.0,93,90,14.97,CA,1619795602
Rikitea,-23.1203,-134.9692,78.46,75,58,18.63,PF,1619796385
Gombong,-7.6072,109.5142,55.0,100,73,2.98,ID,1619796385
Arraial do Cabo,-22.9661,-42.0278,77.0,69,40,9.22,BR,1619796386
Ancud,-41.8697,-73.8203,55.99,100,90,12.66,CL,1619795941
Ushuaia,-54.8,-68.3,41.0,87,40,2.06,AR,1619796182
Mahébourg,-20.4081,57.7,78.8,78,75,13.8,MU,1619795784
Punta Arenas,-53.15,-70.9167,41.0,93,75,9.22,CL,1619796387
Manokwari,-0.8667,134.0833,78.67,81,100,5.44,ID,1619796334
Mount Isa,-20.7333,139.5,66.2,39,0,5.75,AU,1619796175
Cayenne,4.9333,-52.3333,82.4,83,75,4.61,GF,1619795809
Busselton,-33.65,115.3333,51.01,96,89,4.07,AU,1619796281
Adrar,20.5022,-10.0711,90.61,23,93,4.74,MR,1619796005
Warrington,53.3925,-2.5802,55.0,66,90,4.61,GB,1619796395
Cape Town,-33.9258,18.4232,64.4,52,0,19.57,ZA,1619796234
Khomutovo,52.4658,104.4025,39.2,60,0,6.71,RU,1619796396
Codrington,-38.2667,141.9667,57.72,48,68,9.48,AU,1619796036
Jamestown,42.097,-79.2353,45.0,75,75,21.85,US,1619796119
Chudovo,59.1167,31.6833,44.51,71,100,4.81,RU,1619796403
Kremenki,54.885,37.1261,62.6,48,0,13.42,RU,1619796404
Kapaa,22.0752,-159.319,71.6,83,90,13.8,US,1619796107
Barrow,71.2906,-156.7887,19.4,86,90,4.61,US,1619796404
Hilo,19.7297,-155.09,71.6,83,90,5.75,US,1619796405
Castro,-24.7911,-50.0119,65.97,56,24,11.88,BR,1619795917
Leningradskiy,69.3833,178.4167,12.42,94,87,14.14,RU,1619795952
Hithadhoo,-0.6,73.0833,84.04,73,19,8.01,MV,1619795820
Kiunga,-6.1219,141.2906,72.82,97,100,1.81,PG,1619796190
Bluff,-46.6,168.3333,41.0,93,40,3.0,NZ,1619796406
Vanavara,60.34,102.2797,35.01,86,100,6.6,RU,1619796406
Vaini,-21.2,-175.2,75.2,94,90,8.05,TO,1619795816
Coahuayana Viejo,18.7333,-103.6833,64.4,82,90,2.44,MX,1619796407
Meulaboh,4.1363,96.1285,79.43,84,97,4.43,ID,1619796003
Hobart,-42.8794,147.3294,52.0,87,1,8.05,AU,1619796119
Tasiilaq,65.6145,-37.6368,33.8,64,20,11.5,GL,1619796408
Kavaratti,10.5669,72.642,85.14,73,22,10.29,IN,1619796196
Bambous Virieux,-20.3428,57.7575,78.8,78,75,13.8,MU,1619795850
Atuona,-9.8,-139.0333,78.48,71,21,4.43,PF,1619796408
Upernavik,72.7868,-56.1549,34.03,73,90,5.19,GL,1619796132
Villa Carlos Paz,-31.4241,-64.4978,73.0,46,0,16.11,AR,1619796399
Buala,-8.145,159.5921,79.45,81,91,4.05,SB,1619796099
Laas,46.6166,10.7002,71.6,71,40,9.22,IT,1619796071
Cidreira,-30.1811,-50.2056,71.51,63,0,12.5,BR,1619795943
Matara,5.9485,80.5353,78.75,88,34,5.23,LK,1619795993
Leer,8.3018,30.1418,85.71,47,96,4.92,SS,1619796410
Kampene,-3.6,26.6667,70.74,98,100,2.55,CD,1619795828
Yaan,7.3833,8.5667,99.03,31,100,4.12,NG,1619796414
Puerto Ayora,-0.7393,-90.3518,78.8,78,75,11.5,EC,1619796414
Ishigaki,24.3448,124.1572,74.68,87,93,11.65,JP,1619796414
Constitución,-35.3333,-72.4167,58.21,80,100,9.55,CL,1619796027
Faanui,-16.4833,-151.75,78.82,80,95,6.89,PF,1619795840
Namatanai,-3.6667,152.4333,78.84,80,43,4.63,PG,1619795868
Garmsār,35.2182,52.3409,83.3,14,0,4.65,IR,1619796419
Klaksvík,62.2266,-6.589,39.2,60,75,11.5,FO,1619796071
Mandalgovi,45.7625,106.2708,40.1,52,56,5.82,MN,1619796043
Davila,18.4726,120.5763,77.0,88,40,1.14,PH,1619796423
Turaif,31.6725,38.6637,91.4,18,20,4.61,SA,1619796424
Córdoba,-31.4135,-64.1811,73.0,46,0,16.11,AR,1619796140
Gemena,3.25,19.7667,90.97,40,85,2.04,CD,1619796425
Husavik,66.0449,-17.3389,35.6,87,75,12.66,IS,1619796191
Três Passos,-27.4556,-53.9319,73.99,55,0,1.99,BR,1619796425
Bethel,41.3712,-73.414,60.8,48,90,16.11,US,1619795854
Saint-Philippe,-21.3585,55.7679,78.8,78,0,3.44,RE,1619795841
Longyearbyen,78.2186,15.6401,23.0,58,75,5.75,SJ,1619796426
Aranda de Duero,41.6704,-3.6892,52.83,66,100,10.94,ES,1619796426
Sibolga,1.7427,98.7792,78.12,87,100,3.09,ID,1619795879
Sorong,-0.8833,131.25,79.39,82,95,2.13,ID,1619796427
Saskylakh,71.9167,114.0833,33.1,87,100,9.51,RU,1619795930
Butaritari,3.0707,172.7902,82.71,74,97,9.82,KI,1619796428
Kahului,20.8947,-156.47,71.6,100,90,14.97,US,1619795915
Port Blair,11.6667,92.75,82.69,71,100,1.59,IN,1619795934
Qaanaaq,77.484,-69.3632,31.62,62,61,6.93,GL,1619796429
Jalingo,8.8833,11.3667,101.79,26,100,2.73,NG,1619796320
Tezu,27.9167,96.1667,81.64,33,64,4.61,IN,1619795887
Nsanje,-16.92,35.262,87.28,50,67,4.65,MW,1619796430
Moctezuma,29.8,-109.6667,66.79,38,0,11.54,MX,1619796431
Fort Nelson,58.8053,-122.7002,39.2,93,75,4.61,CA,1619796434
Nikolskoye,59.7035,30.7861,48.2,37,0,13.42,RU,1619796435
Portland,45.5234,-122.6762,55.99,71,75,6.91,US,1619795989
Kaitangata,-46.2817,169.8464,46.0,72,42,4.0,NZ,1619795890
Yar-Sale,66.8333,70.8333,28.06,95,85,9.78,RU,1619796056
San Patricio,28.017,-97.5169,73.0,94,90,8.05,US,1619796436
Nanortalik,60.1432,-45.2371,41.38,65,6,7.74,GL,1619796436
Bredasdorp,-34.5322,20.0403,64.4,42,52,9.22,ZA,1619796437
Salinópolis,-0.6136,-47.3561,80.13,82,99,8.28,BR,1619796437
Yulara,-25.2406,130.9889,60.8,29,69,4.61,AU,1619795975
New Haven,41.4001,-72.9329,63.0,45,90,19.57,US,1619796157
St. George's,12.0564,-61.7485,82.4,74,75,18.41,GD,1619796444
Komsomol'skoye,55.2567,47.5461,55.11,52,97,14.29,RU,1619796445
Rincon,32.296,-81.2354,82.4,57,40,12.66,US,1619796445
Avera,33.194,-82.5271,77.0,57,1,11.5,US,1619796449
Oddur,4.1213,43.8894,81.05,63,83,3.15,SO,1619796316
Seoul,37.5683,126.9778,51.8,87,0,5.75,KR,1619795779
Hermanus,-34.4187,19.2345,64.99,53,4,9.17,ZA,1619796449
São Félix do Xingu,-6.6447,-51.995,87.01,57,100,2.06,BR,1619796450
Gizo Government Station,-8.103,156.8419,81.5,74,50,4.63,SB,1619795947
Monterey,36.2505,-121.2516,53.6,82,20,5.75,US,1619796450
Banda Aceh,5.5577,95.3222,81.16,77,100,2.46,ID,1619796454
Fúquene,5.4043,-73.7964,49.93,95,100,0.4,CO,1619796454
Tuktoyaktuk,69.4541,-133.0374,12.2,79,20,9.22,CA,1619796455
Omboué,-1.5746,9.2618,84.96,68,100,5.95,GA,1619796455
Jalu,29.0331,21.5482,104.04,6,0,10.63,LY,1619796455
Quatre Cocos,-20.2078,57.7625,78.8,78,75,13.8,MU,1619796456
Samarai,-10.6167,150.6667,79.3,80,59,8.01,PG,1619796056
Dikson,73.5069,80.5464,11.1,94,86,9.6,RU,1619796456
Kirakira,-10.4544,161.9205,78.75,86,100,7.49,SB,1619796094
Nagato,34.3833,131.2,62.6,62,75,5.75,JP,1619796102
Andenes,69.3143,16.1194,32.0,74,40,20.71,NO,1619796457
Bengkulu,-3.8004,102.2655,77.74,87,100,5.3,ID,1619796458
Rome,43.2128,-75.4557,46.99,87,90,19.57,US,1619795757
New Norfolk,-42.7826,147.0587,52.0,84,2,1.01,AU,1619796461
Bathsheba,13.2167,-59.5167,82.4,57,40,17.27,BB,1619796011
Sulangan,11.1373,123.7228,83.35,73,44,8.7,PH,1619796471
Mataura,-46.1927,168.8643,41.0,93,74,3.0,NZ,1619796472
Buin,-33.7333,-70.75,64.0,82,90,4.7,CL,1619796472
Okhotsk,59.3833,143.3,32.72,79,93,4.92,RU,1619796473
Pangnirtung,66.1451,-65.7125,32.0,93,90,8.05,CA,1619796473
Antofagasta,-23.65,-70.4,71.01,63,0,10.36,CL,1619796307
Kyra,49.5776,111.9753,32.09,55,19,6.17,RU,1619796474
Luena,-11.7833,19.9167,80.6,65,40,2.06,AO,1619796474
Caarapó,-22.6342,-54.8222,78.8,32,24,9.37,BR,1619796474
Novoagansk,61.9449,76.6625,33.8,96,100,14.52,RU,1619796475
Richards Bay,-28.783,32.0377,65.75,83,100,16.96,ZA,1619795790
Pochutla,15.7432,-96.4661,84.99,69,90,8.05,MX,1619796482
Genhe,50.7833,121.5167,32.36,98,97,3.98,CN,1619796482
Chokurdakh,70.6333,147.9167,-1.16,93,33,5.12,RU,1619795949
Ol'khovatka,50.2831,39.2872,55.65,76,87,11.25,RU,1619796484
Alyangula,-13.8483,136.4192,71.6,100,5,10.98,AU,1619796220
Carnarvon,-24.8667,113.6333,69.8,78,95,13.8,AU,1619796484
George Town,5.4112,100.3354,77.0,94,40,6.91,MY,1619796485
Road Town,18.4167,-64.6167,82.99,100,40,13.8,VG,1619795770
Sitka,57.0531,-135.33,44.6,81,90,12.66,US,1619796485
Olafsvik,64.8945,-23.7142,38.59,67,51,19.75,IS,1619795943
Flinders,-34.5833,150.8552,60.01,88,13,1.01,AU,1619795990
Lompoc,34.6391,-120.4579,51.8,100,90,4.9,US,1619795969
Clyde River,70.4692,-68.5914,21.2,100,90,3.44,CA,1619796017
Gimli,50.6336,-96.9907,35.6,69,98,10.36,CA,1619796487
Nome,64.5011,-165.4064,15.8,73,1,5.88,US,1619796487
Saint Paul Harbor,57.79,-152.4072,39.2,70,1,3.44,US,1619796289
Zhigalovo,54.8097,105.1578,33.98,85,100,3.4,RU,1619796488
Darnah,32.767,22.6367,85.48,32,7,5.26,LY,1619796488
Esperance,-33.8667,121.9,48.2,93,65,4.61,AU,1619796488
Petropavlovsk-Kamchatskiy,53.0452,158.6483,35.6,87,90,4.47,RU,1619796471
Macusani,-14.0833,-70.4333,45.91,50,22,3.36,PE,1619796489
Talnakh,69.4865,88.3972,21.52,86,27,3.27,RU,1619796489
Belyye Berega,53.2085,34.6641,64.4,45,40,20.13,RU,1619796493
Ponta do Sol,32.6667,-17.1,66.2,52,20,10.36,PT,1619796496
Avarua,-21.2078,-159.775,77.0,94,75,2.3,CK,1619796497
Grindavik,63.8424,-22.4338,42.8,65,0,18.41,IS,1619796497
Lagoa,39.05,-27.9833,57.61,60,10,4.7,PT,1619796498
Kokstad,-30.5472,29.4241,47.28,95,100,4.05,ZA,1619796501
Mujiayingzi,42.1167,118.7833,44.01,34,91,2.44,CN,1619796502
Saldanha,-33.0117,17.9442,66.2,45,0,17.27,ZA,1619796503
Kyren,51.6828,102.1408,42.91,80,97,1.61,RU,1619796507
Port Elizabeth,-33.918,25.5701,64.4,59,0,19.57,ZA,1619796381
Niamtougou,9.7681,1.1053,93.2,40,20,5.75,TG,1619796514
Cabedelo,-6.9811,-34.8339,77.0,100,75,13.8,BR,1619796514
Ribeira Grande,38.5167,-28.7,62.6,63,75,8.05,PT,1619796514
Provideniya,64.3833,-173.3,26.17,75,98,2.24,RU,1619796515
Khatanga,71.9667,102.5,31.39,93,100,8.37,RU,1619796292
Weiser,44.251,-116.9693,64.0,55,1,1.36,US,1619796515
Matagami,49.7502,-77.6328,33.8,80,90,21.85,CA,1619795970
Aranos,-24.1333,19.1167,71.13,23,0,9.42,NA,1619796516
Nemuro,43.3236,145.575,38.01,80,46,24.38,JP,1619795731
Kamaishi,39.2667,141.8833,48.92,77,92,8.23,JP,1619796517
Rocha,-34.4833,-54.3333,68.13,54,0,8.28,UY,1619796429
Torbay,47.6666,-52.7314,50.0,57,75,12.66,CA,1619795996
Fukuechō,32.6881,128.8419,65.08,85,96,14.7,JP,1619796013
Campbell River,50.0163,-125.2446,51.01,100,90,2.3,CA,1619796518
Kashgar,39.4547,75.9797,78.8,12,0,5.26,CN,1619796518
Ahipara,-35.1667,173.1667,59.18,85,100,7.9,NZ,1619796014
Port Alfred,-33.5906,26.891,65.34,66,62,16.6,ZA,1619796519
Ambilobe,-13.2,49.05,77.99,85,55,2.77,MG,1619796519
Thompson,55.7435,-97.8558,35.6,48,40,4.61,CA,1619796519
Necochea,-38.5473,-58.7368,72.0,52,0,5.99,AR,1619796520
Huntington,38.4193,-82.4452,66.0,42,1,11.5,US,1619796520
Tabuk,17.4189,121.4443,76.08,88,85,2.28,PH,1619796521
Hofn,64.2539,-15.2082,39.2,70,90,20.71,IS,1619796521
Savannah Bight,16.45,-85.85,86.0,62,40,23.13,HN,1619796521
Fairmont,39.4851,-80.1426,60.01,53,99,5.99,US,1619796522
Christchurch,-43.5333,172.6333,51.01,87,90,5.75,NZ,1619795825
Strezhevoy,60.7333,77.5889,39.2,75,20,6.71,RU,1619796522
Mar del Plata,-38.0023,-57.5575,68.0,68,0,18.41,AR,1619796340
Piraju,-23.1936,-49.3839,75.58,43,97,13.4,BR,1619796261
Tūkrah,32.5341,20.5791,91.17,22,28,9.44,LY,1619796523
Kuandian,40.7286,124.7847,42.75,71,100,3.04,CN,1619796523
Guánica,17.9716,-66.908,87.01,59,3,8.99,PR,1619796524
Port Macquarie,-31.4333,152.9167,60.8,100,75,6.91,AU,1619796524
Shingū,33.7333,135.9833,54.64,70,0,6.53,JP,1619796525
Palmer,42.1584,-72.3287,57.0,62,75,19.57,US,1619795969
Port Lincoln,-34.7333,135.8667,66.9,38,100,7.94,AU,1619795995
Hobyo,5.3505,48.5268,85.3,64,86,12.33,SO,1619796525
Port Hardy,50.6996,-127.4199,48.2,100,75,4.61,CA,1619796526
Katsuura,35.1333,140.3,60.8,82,20,10.36,JP,1619796306
Moose Factory,51.2585,-80.6094,30.2,69,90,25.32,CA,1619796526
Tuam,53.5167,-8.85,53.01,60,98,7.0,IE,1619796527
Siyabuswa,-25.1132,29.0445,73.17,45,40,5.19,ZA,1619796527
Panama City,8.9936,-79.5197,87.01,70,40,4.61,PA,1619796377
Qaqortoq,60.7167,-46.0333,57.2,26,20,24.16,GL,1619796528
Makakilo City,21.3469,-158.0858,73.4,78,90,3.44,US,1619796528
Kaitong,44.8135,123.15,47.88,25,91,4.65,CN,1619796376
Korla,41.7597,86.1469,77.99,14,0,4.81,CN,1619796533
Norman Wells,65.282,-126.8329,32.0,59,40,5.75,CA,1619796533
Boa Vista,2.8197,-60.6733,80.6,78,75,3.44,BR,1619796309
Nivala,63.9167,24.9667,37.0,39,30,13.0,FI,1619796534
Denpasar,-8.65,115.2167,80.6,89,40,2.3,ID,1619796534
Rawson,-43.3002,-65.1023,69.53,26,77,11.05,AR,1619796438
Severo-Kuril'sk,50.6789,156.125,35.24,92,99,17.27,RU,1619796535
Garhiyasin,27.9069,68.511,93.2,36,42,4.61,PK,1619796536
São Bernardo,-3.3614,-42.4178,87.12,62,58,3.31,BR,1619796536
Khovd,48.0056,91.6419,64.63,24,100,12.84,MN,1619796370
Chu,43.5983,73.7614,62.8,81,100,9.22,KZ,1619796537
Udachny,66.4167,112.4,28.98,98,100,2.26,RU,1619796537
Pitimbu,-7.4706,-34.8086,77.0,100,75,13.8,BR,1619796537
Copiapó,-27.3667,-70.3333,64.4,52,0,4.16,CL,1619796538
Waipawa,-41.4122,175.5153,54.0,82,75,14.97,NZ,1619795984
Coyhaique,-45.5752,-72.0662,55.4,88,75,6.91,CL,1619796296
Aklavik,68.2191,-135.0107,19.4,86,100,5.75,CA,1619796539
Mabay,6.0577,124.4666,79.45,85,84,2.91,PH,1619796539
Moyale,3.5167,39.0584,74.19,69,91,6.8,KE,1619796540
Lao Cai,22.4833,103.95,74.34,94,22,1.81,VN,1619796540
Forsytheganj,52.6333,29.7333,56.37,87,100,6.93,BY,1619796467
Salina Cruz,16.1667,-95.2,85.57,62,94,7.16,MX,1619796540
Ekhabi,53.5102,142.9671,30.45,87,100,6.85,RU,1619796541
Port Hedland,-20.3167,118.5667,73.4,83,0,7.99,AU,1619796541
Fortuna,40.5982,-124.1573,53.01,100,1,6.91,US,1619796545
Hasaki,35.7333,140.8333,55.4,88,20,3.44,JP,1619796542
Caravelas,-17.7125,-39.2481,78.94,70,97,11.01,BR,1619796546
Tateyama,34.9833,139.8667,62.01,69,0,1.01,JP,1619796553
Kavieng,-2.5744,150.7967,81.68,75,77,4.34,PG,1619796553
Cockburn Town,21.4612,-71.1419,78.6,69,68,13.58,TC,1619796554
Najrān,17.4924,44.1277,84.2,32,75,11.5,SA,1619795949
Hurricane,37.1753,-113.2899,71.01,22,1,5.75,US,1619796272
Daru,-9.0763,143.2092,79.36,80,72,9.78,PG,1619796555
Quimperlé,47.8667,-3.55,57.2,41,0,9.22,FR,1619796555
Chui,-33.6971,-53.4616,69.12,50,1,7.81,UY,1619796556
Visnes,59.3556,5.2242,48.2,61,20,8.05,NO,1619796556
Pinar del Río,22.4175,-83.6981,87.76,48,0,8.86,CU,1619796556
Khorixas,-20.3667,14.9667,86.58,21,1,11.72,NA,1619796557
Oga,46.4631,10.347,62.01,81,75,11.5,IT,1619796557
Kampong Thom,12.7111,104.8887,82.0,76,95,7.31,KH,1619796558
Myaundzha,63.0494,147.1858,26.56,92,100,1.92,RU,1619796558
East London,-33.0153,27.9116,62.6,82,20,8.05,ZA,1619796558
Outlook,51.5001,-107.0513,55.99,38,99,9.22,CA,1619796559
Lorengau,-2.0226,147.2712,80.44,78,94,2.66,PG,1619796425
Kandrian,-6.2167,149.55,75.9,91,71,6.58,PG,1619796559
Touros,-5.1989,-35.4608,80.6,78,75,12.66,BR,1619796037
Cherskiy,68.75,161.3,-0.89,100,98,2.42,RU,1619796561
Los Llanos de Aridane,28.6585,-17.9182,69.8,52,40,24.16,ES,1619796561
Yankton,42.8711,-97.3973,59.0,41,1,12.66,US,1619796562
Pativilca,-10.7,-77.7833,69.64,75,6,9.51,PE,1619796562
Kattivākkam,13.2167,80.3167,87.01,74,20,6.91,IN,1619796055
Svetlaya,46.5389,138.3297,37.76,83,100,3.98,RU,1619796563
Vung Tau,10.346,107.0843,83.41,77,15,16.33,VN,1619796563
Tiarei,-17.5333,-149.3333,77.0,83,40,3.44,PF,1619796563
Ciudad del Carmen,18.6333,-91.8333,84.2,70,90,18.41,MX,1619796564
Talusan,7.4267,122.8103,82.26,75,100,5.48,PH,1619796564
Rumonge,-3.9736,29.4386,76.32,82,98,2.44,BI,1619796564
Lethem,3.3803,-59.7968,80.4,72,65,8.21,GY,1619796565
Morant Bay,17.8815,-76.4093,87.8,51,20,4.61,JM,1619796565
Hamilton,39.1834,-84.5333,64.99,48,1,6.91,US,1619796324
Beni,0.5,29.4667,66.36,99,99,1.5,CD,1619796566
Imeni Poliny Osipenko,52.4201,136.4853,28.47,90,72,6.38,RU,1619796566
Qui Nhon,13.7667,109.2333,78.44,84,51,1.52,VN,1619796440
Ilulissat,69.2167,-51.1,39.2,48,20,3.44,GL,1619796567
Riohacha,11.5444,-72.9072,84.94,58,98,8.77,CO,1619796567
Kumul,42.8,93.45,78.96,10,0,5.14,CN,1619796568
Bairnsdale,-37.8333,147.6167,53.01,100,2,4.16,AU,1619796568
Fairbanks,64.8378,-147.7164,30.2,86,90,11.5,US,1619795992
Saint George,37.1041,-113.5841,73.99,22,1,5.75,US,1619796364
Nola,40.922,14.5329,82.99,31,0,8.05,IT,1619796569
Vestmanna,62.1564,-7.1664,39.2,60,75,10.36,FO,1619796569
Biak,-0.9131,122.8766,77.2,80,85,1.39,ID,1619796570
Souillac,-20.5167,57.5167,78.8,78,75,13.8,MU,1619796336
Devonport,-41.1667,146.35,54.0,94,6,6.15,AU,1619796570
Lavrentiya,65.5833,-171.0,10.38,93,32,5.46,RU,1619796571
Saint-Joseph,-21.3667,55.6167,78.8,78,0,3.44,RE,1619796480
Salalah,17.0151,54.0924,84.2,79,75,9.22,OM,1619796571
Bagadó,5.4116,-76.4152,81.52,77,98,2.68,CO,1619796572
Manta,-0.95,-80.7333,78.8,89,75,4.61,EC,1619796295
Charter Township of Clinton,42.587,-82.9199,51.01,76,75,18.41,US,1619796454
Taksimo,56.3444,114.8794,33.08,73,6,1.41,RU,1619796462
College,64.8569,-147.8028,30.2,69,90,6.91,US,1619796351
Yangambi,0.8102,24.4336,74.28,93,99,4.29,CD,1619796576
Shimoda,34.6667,138.95,60.01,53,0,5.01,JP,1619796576
Hyères,43.1167,6.1167,64.4,82,20,5.75,FR,1619796577
Riorges,46.0418,4.0497,55.4,58,90,8.05,FR,1619796577
Haapiti,-17.5667,-149.8667,77.0,83,40,3.44,PF,1619796578
Agüimes,27.9054,-15.4461,73.0,53,20,26.46,ES,1619796578
Nuevo Progreso,23.1667,-97.95,80.01,64,94,8.01,MX,1619796578
Mbini,1.574,9.6134,87.8,74,40,9.22,GQ,1619796579
Sparbu,63.9194,11.4366,44.6,57,75,13.8,NO,1619796579
Cabo San Lucas,22.8909,-109.9124,75.99,35,1,4.07,MX,1619796565
Port Keats,-14.25,129.55,77.25,78,1,2.82,AU,1619796583
Yokadouma,3.5167,15.05,76.39,68,100,3.11,CM,1619796583
Ambon City,-3.6954,128.1814,81.79,74,62,4.45,ID,1619796072
São Filipe,14.8961,-24.4956,73.51,75,84,12.66,CV,1619796584
Klyuchi,52.2667,79.1667,53.31,35,100,6.15,RU,1619796587
Jalor,25.35,72.6167,87.17,30,42,7.0,IN,1619796588
Ecoporanga,-18.3733,-40.8306,78.67,56,97,11.36,BR,1619796588
Mariental,-24.6333,17.9667,71.98,19,0,7.96,NA,1619796589
Sobolevo,54.4299,31.8996,50.81,89,100,10.13,RU,1619796589
Bandarbeyla,9.4942,50.8122,84.67,72,26,10.04,SO,1619796077
The Valley,18.217,-63.0578,82.4,65,40,17.27,AI,1619795858
Nueve de Julio,-35.4444,-60.8831,72.0,47,0,8.99,AR,1619796590
Sukumo,32.9333,132.7333,53.74,71,5,3.49,JP,1619796590
Cap Malheureux,-19.9842,57.6142,77.0,84,10,8.01,MU,1619796114
Altamira,-3.2033,-52.2064,80.6,83,75,3.44,BR,1619796591
Oktyabr'skoye,43.0645,44.7417,68.0,59,75,11.18,RU,1619796591
Rudnogorsk,57.2639,103.7519,33.04,93,100,3.29,RU,1619796591
Pevek,69.7008,170.3133,13.66,95,100,9.62,RU,1619796540
Grootfontein,-19.5667,18.1167,78.8,36,40,1.14,NA,1619796592
Zhuhai,22.2769,113.5678,77.0,83,20,8.05,CN,1619796592
Faya,18.3851,42.4509,73.4,30,40,13.8,SA,1619796582
Kloulklubed,7.0419,134.2556,77.0,94,75,4.61,PW,1619796381
Mascote,-15.5631,-39.3025,77.02,87,16,5.99,BR,1619796556
Makkah al Mukarramah,21.4267,39.8261,90.88,40,100,16.42,SA,1619796007
Arlit,18.7369,7.3853,108.81,3,0,13.51,NE,1619796594
Bibbiena,43.6965,11.8135,68.0,89,100,7.0,IT,1619796594
Maumere,-8.6199,122.2111,79.92,81,57,3.13,ID,1619796594
Junction City,39.0286,-96.8314,71.01,42,1,6.91,US,1619796595
Huarmey,-10.0681,-78.1522,71.28,76,4,9.64,PE,1619796595
Kruisfontein,-34.0033,24.7314,64.0,57,0,7.0,ZA,1619795997
Le Port,-20.9373,55.2919,78.01,73,0,13.8,RE,1619796596
Adwa,14.1646,38.8955,74.8,40,100,6.15,ET,1619796596
San Quintín,30.4833,-115.95,72.14,43,0,3.04,MX,1619796030
Motygino,58.1831,94.7592,33.69,96,8,3.76,RU,1619796597
São João da Barra,-21.6403,-41.0511,75.2,69,40,9.22,BR,1619796049
Pangai,-19.8,-174.35,80.29,77,100,5.21,TO,1619796308
Resistencia,-27.4606,-58.9839,77.0,50,0,9.22,AR,1619796338
Choix,26.7092,-108.3219,81.61,21,0,6.15,MX,1619796601
Naifaru,5.4444,73.3657,84.13,72,28,5.06,MV,1619796602
Karoi,-16.8099,29.6925,70.47,61,39,3.83,ZW,1619796603
Ballina,-28.8667,153.5667,64.4,94,90,5.75,AU,1619796604
‘Āhuimanu,21.4447,-157.8378,73.4,73,20,8.05,US,1619796605
Narsaq,60.9167,-46.05,57.2,26,20,24.16,GL,1619796569
Marrakesh,31.6315,-8.0083,68.0,45,75,10.36,MA,1619796606
Almaznyy,48.0448,40.045,66.2,68,20,13.42,RU,1619796607
Dmytrivka,45.9717,28.9864,69.06,63,70,11.48,UA,1619796608
Hong Kong,22.2855,114.1577,78.01,79,80,4.43,HK,1619796428
Mandalī,33.7499,45.5541,90.86,15,7,10.29,IQ,1619796609
Nānākuli,21.3906,-158.1547,71.6,78,90,3.44,US,1619796609
Thinadhoo,0.5333,72.9333,84.33,69,19,5.68,MV,1619796610
Querfurt,51.3833,11.6,53.01,67,100,1.99,DE,1619796610
Lebu,-37.6167,-73.65,57.65,82,100,15.79,CL,1619796305
Pedernales,18.0384,-71.744,82.99,61,4,9.06,DO,1619796611
Laguna,38.421,-121.4238,63.0,55,75,8.05,US,1619796619
Mugur-Aksy,50.35,90.5,44.92,62,98,6.76,RU,1619796114
Gongzhuling,43.5008,124.8198,43.59,50,29,6.31,CN,1619796619
Fécamp,49.7579,0.3746,50.0,53,75,6.91,FR,1619796620
Sur,22.5667,59.5289,89.26,32,94,8.03,OM,1619796621
Riacho de Santana,-13.6092,-42.9389,84.97,39,85,12.24,BR,1619796621
Urucará,-2.5364,-57.76,92.37,47,34,2.95,BR,1619796625
Gennep,51.6983,5.9736,57.0,62,75,5.75,NL,1619796628
Robinsonville,31.4677,-97.1147,66.99,94,90,11.5,US,1619796628
San Cristobal,7.7669,-72.225,84.2,54,40,3.44,VE,1619796489
Sabang,5.8933,95.3214,83.43,69,100,3.0,ID,1619796632
Yerbogachën,61.2767,108.0108,33.15,90,99,5.91,RU,1619796633
Itoman,26.1247,127.6694,71.6,73,40,16.11,JP,1619796633
Dunedin,-45.8742,170.5036,50.0,68,39,10.0,NZ,1619796633
Yashan,22.1975,109.9419,73.54,86,99,2.55,CN,1619796634
Monroe,43.1501,-77.6831,48.0,76,90,23.02,US,1619796637
Darhan,49.4867,105.9228,44.42,44,100,3.74,MN,1619796638
Black River,18.0264,-77.8487,84.99,70,40,17.27,JM,1619796638
Srednekolymsk,67.45,153.6833,4.86,97,28,6.53,RU,1619796639
Caucayá,-0.1934,-74.7819,78.62,85,93,1.61,CO,1619796639
Riyadh,24.6877,46.7219,96.8,8,0,13.8,SA,1619796361
Pitkyaranta,61.5734,31.4792,38.25,59,27,5.68,RU,1619796640
Longuenesse,50.734,2.2352,51.01,62,80,5.01,FR,1619796640
Alta Floresta,-9.8756,-56.0861,84.2,70,75,4.61,BR,1619796640
Xinxiang,35.3089,113.8672,55.42,48,2,7.74,CN,1619796641
Madang,-5.2246,145.7966,76.28,92,100,3.49,PG,1619796641
Simpang,-1.2667,104.0833,74.19,95,100,2.53,ID,1619796642
Estelle,29.8458,-90.1067,82.99,83,90,3.44,US,1619796642
Shizunai-furukawachō,42.3339,142.3669,42.75,89,87,21.77,JP,1619796642
Ninotsminda,41.2646,43.5916,64.4,36,40,5.75,GE,1619796643
Algiers,36.7525,3.042,68.0,60,0,10.36,DZ,1619796396
Wajir,1.7471,40.0573,95.0,38,40,4.61,KE,1619796644
Muisne,0.6,-80.0333,78.8,94,90,2.3,EC,1619796116
Atar,20.5169,-13.0499,93.22,15,5,10.27,MR,1619796632
Pechenga,69.5259,31.1703,28.4,54,20,19.57,RU,1619796644
Garoowe,8.4054,48.4845,81.43,63,100,14.12,SO,1619796372
Dalby,-27.1833,151.2667,59.0,94,40,11.5,AU,1619796645
Kamenka,51.3223,42.7678,49.68,80,100,13.22,RU,1619796645
Vestmannaeyjar,63.4427,-20.2734,44.6,61,75,11.5,IS,1619796646
Westport,41.1415,-73.3579,63.0,56,84,1.99,US,1619796444
Gaozhou,21.9392,110.8461,73.53,86,97,2.93,CN,1619796646
Ola,59.5833,151.2833,30.45,85,100,1.05,RU,1619796650
Nantucket,41.2835,-70.0995,62.6,67,1,19.57,US,1619796650
Launceston,-41.45,147.1667,50.0,93,0,4.61,AU,1619796598
Saint-Pierre,-21.3393,55.4781,78.8,78,0,3.44,RE,1619796644
Hopelchén,19.7667,-89.85,86.0,66,20,13.8,MX,1619796651
Sucúa,-2.4667,-78.1667,69.8,88,90,3.44,EC,1619796651
Øksfjord,70.2396,22.3479,30.2,100,75,9.22,NO,1619796655
Tías,28.9611,-13.645,69.8,60,40,17.27,ES,1619796655
Markova,48.6758,24.4138,64.4,63,75,6.71,UA,1619796657
Bilibino,68.0546,166.4372,-3.44,96,25,3.94,RU,1619796637
Koslan,63.4564,48.8989,36.28,85,99,6.55,RU,1619796658
Naze,28.3667,129.4833,65.43,75,100,14.76,JP,1619796659
Berlevåg,70.8578,29.0864,28.4,80,75,21.85,NO,1619796659
Maragogi,-9.0122,-35.2225,82.67,71,100,11.97,BR,1619796115
Ciudad Bolivar,8.1222,-63.5497,76.95,70,100,5.44,VE,1619796660
Ponta Delgada,37.7333,-25.6667,60.8,72,75,13.8,PT,1619796380
Te Anau,-45.4167,167.7167,39.94,93,24,1.32,NZ,1619796642
Mufumbwe,-13.6833,24.8,64.51,87,100,5.32,ZM,1619796661
Bulgan,48.8125,103.5347,42.51,60,95,3.65,MN,1619796661
Kragujevac,44.0167,20.9167,82.4,36,75,11.5,RS,1619796502
Bukama,-9.2,25.85,84.02,71,69,2.66,CD,1619796066
Beringovskiy,63.05,179.3167,19.11,87,81,5.95,RU,1619796662
Talcahuano,-36.7167,-73.1167,59.0,77,90,10.36,CL,1619796662
Tura,25.5198,90.2201,79.92,33,61,2.8,IN,1619796516
Hope,33.6671,-93.5916,66.99,64,100,5.99,US,1619796663
Goderich,43.7501,-81.7165,39.2,75,88,24.16,CA,1619796663
Abhā,18.2164,42.5053,73.4,30,40,13.8,SA,1619796664
Avilés,43.5547,-5.9248,57.99,67,20,4.61,ES,1619796664
Bagpat,28.95,77.2167,95.0,20,40,16.71,IN,1619796665
Jieshi,22.8134,115.8257,73.99,78,84,4.56,CN,1619796665
Ürümqi,43.801,87.6005,78.8,14,0,6.71,CN,1619796665
Jennings,38.7192,-90.2604,71.01,40,1,8.05,US,1619796666
Aykhal,66.0,111.5,26.64,98,100,3.15,RU,1619796666
Naryan-Mar,67.6713,53.087,30.04,86,96,1.72,RU,1619796673
Kafanchan,9.5833,8.3,95.92,24,99,11.3,NG,1619796673
Wajima,37.4,136.9,54.45,83,4,21.36,JP,1619796674
Nianzishan,47.5167,122.8833,42.85,39,84,2.86,CN,1619796674
El Alto,-4.2714,-81.2147,80.6,61,0,16.11,PE,1619796675
Muros,42.7762,-9.0603,61.0,46,61,15.17,ES,1619796484
Yangi Marg`ilon,40.4272,71.7189,75.2,29,82,20.71,UZ,1619796629
Smiths Falls,44.9001,-76.0161,51.01,93,100,15.5,CA,1619796675
Yablonovo,50.8523,37.3574,68.0,37,0,11.18,RU,1619796676
Nara,34.6851,135.8049,60.01,68,0,3.6,JP,1619796564
Muroto-misakicho,33.2833,134.15,62.49,61,3,5.06,JP,1619796677
Asău,46.4333,26.4,75.2,35,40,14.97,RO,1619796109
Calatayud,41.3535,-1.6432,64.4,72,0,9.22,ES,1619796440
Novoselytsya,48.2193,26.2653,68.0,49,0,8.95,UA,1619796678
Raudeberg,61.9875,5.1352,46.0,60,10,20.6,NO,1619796681
Sabha,27.0377,14.4283,101.05,4,0,16.22,LY,1619796682
Revelstoke,50.9832,-118.2023,46.4,93,90,2.24,CA,1619796521
Dickinson,29.4608,-95.0513,72.0,94,90,13.8,US,1619796682
Kalmunai,7.4167,81.8167,81.41,80,63,8.25,LK,1619796683
Taylorville,39.5489,-89.2945,69.01,43,4,4.0,US,1619796683
Alofi,-19.0595,-169.9187,71.6,100,100,1.14,NU,1619796115
Shache,38.4167,77.2406,75.07,11,13,4.81,CN,1619796684
Neubrandenburg,53.5667,13.2667,51.01,81,75,9.22,DE,1619796684
Marsabit,2.3284,37.9899,73.09,55,87,9.86,KE,1619796685
Airai,-8.9266,125.4092,58.91,90,100,2.37,TL,1619796340
Vardø,70.3705,31.1107,26.6,74,20,21.85,NO,1619796685
Itarema,-2.9248,-39.9167,86.95,59,88,9.51,BR,1619796686
Vaitape,-16.5167,-151.75,78.76,80,95,7.07,PF,1619796116
Eséka,3.65,10.7667,79.12,91,100,3.91,CM,1619796686
Biltine,14.5333,20.9167,102.2,6,1,9.69,TD,1619796686
Athabasca,54.7169,-113.2854,53.6,62,79,8.05,CA,1619796687
Juneau,58.3019,-134.4197,44.6,81,90,9.22,US,1619796543
Marawi,7.9986,124.2928,78.01,87,71,5.01,PH,1619796408
Zhangjiakou,40.81,114.8794,44.33,27,6,8.3,CN,1619796496
Bagdarin,54.4333,113.6,25.72,91,7,3.89,RU,1619796688
Kargasok,59.0556,80.8572,41.95,75,25,13.94,RU,1619796688
Podgornoye,51.735,39.1496,68.0,21,0,13.42,RU,1619796689
Mitsamiouli,-11.3847,43.2844,86.0,74,40,13.8,KM,1619796689
Gopālganj,26.4667,84.4333,88.3,28,54,10.65,IN,1619796690
Arteaga,18.4667,-102.4167,80.55,35,26,2.51,MX,1619796693
Scarborough,54.2797,-0.4044,51.01,72,51,3.0,GB,1619796586
Birnin Kebbi,12.4539,4.1975,106.39,9,26,2.24,NG,1619796694
Vallenar,-28.5708,-70.7581,70.48,41,31,4.43,CL,1619796694
Sept-Îles,50.2001,-66.3821,46.99,76,90,11.5,CA,1619796695
Bārmer,25.75,71.3833,89.02,20,0,11.59,IN,1619796695
Haines Junction,60.7522,-137.5108,35.6,75,100,1.14,CA,1619796696
Romans-sur-Isère,45.0464,5.0562,50.0,93,90,9.22,FR,1619796696
Onega,63.9061,38.1404,37.53,74,100,8.52,RU,1619796700
Tuatapere,-46.1333,167.6833,41.0,93,51,3.0,NZ,1619796576
Santa Cruz del Sur,20.7147,-77.9956,85.89,53,3,9.89,CU,1619796700
Tabalosos,-6.35,-76.6833,84.2,58,40,3.44,PE,1619796702
Krasnoarmeysk,51.0239,45.6969,52.11,64,96,8.72,RU,1619796703
Slave Lake,55.2834,-114.769,51.03,76,37,15.99,CA,1619796703
Byron Bay,-28.65,153.6167,64.4,94,90,5.75,AU,1619796706
Flagstaff,35.1981,-111.6513,66.99,20,1,5.93,US,1619796635
Pouembout,-21.1333,164.9,69.98,72,83,4.32,NC,1619796707
Bom Jardim,-7.7958,-35.5872,77.0,83,75,9.22,BR,1619796707
Tautira,-17.7333,-149.15,77.0,83,40,3.44,PF,1619796604
Belmonte,-15.8631,-38.8828,77.0,83,75,3.44,BR,1619796708
Hualmay,-11.0964,-77.6139,71.2,73,3,9.31,PE,1619796708
Antalya Province,36.7741,30.7178,77.0,53,20,8.05,TR,1619796603
Murakami,38.2333,139.4833,51.55,89,95,8.28,JP,1619796715
Beyneu,45.3167,55.2,67.41,14,98,9.66,KZ,1619796716
Sarankhola,22.3082,89.7897,82.02,74,24,7.43,BD,1619796716
Puerto Maldonado,-12.6,-69.1833,78.8,57,0,5.75,PE,1619796717
Pisco,-13.7,-76.2167,70.0,78,8,8.05,PE,1619796610
Gornopravdinsk,60.05,69.9,37.67,75,79,9.4,RU,1619796717
Yenagoa,4.9247,6.2642,86.22,65,99,7.81,NG,1619796718
Ucluelet,48.9329,-125.5528,51.01,100,90,8.05,CA,1619796718
Aitape,-3.1374,142.3475,78.03,88,75,5.41,PG,1619796718
Windsor,42.3001,-83.0165,52.0,71,75,17.27,CA,1619796719
Mesetas,3.3846,-74.0442,70.32,98,100,1.61,CO,1619796722
Ixtapa,20.7,-105.2,78.8,78,90,6.91,MX,1619796723
Gavrilovka Vtoraya,52.877,42.7663,53.8,67,98,15.19,RU,1619796723
Paamiut,61.994,-49.6678,38.32,77,3,9.26,GL,1619796630
Capanema,-1.1958,-47.1808,81.34,82,96,5.91,BR,1619796727
Ferme-Neuve,46.7001,-75.4493,51.8,93,100,4.61,CA,1619796727
Ararat,39.8317,44.7049,75.2,27,40,2.3,AM,1619796728
Mossamedes,-15.1961,12.1522,78.8,73,20,17.27,AO,1619796728
Dicabisagan,17.0818,122.4157,75.43,80,57,2.46,PH,1619796729
Abong Mbang,3.9833,13.1833,74.8,77,96,3.51,CM,1619796729
Baykit,61.67,96.37,35.15,98,100,3.67,RU,1619796729
Swan River,52.1058,-101.2676,46.4,34,100,4.61,CA,1619796730
Luau,-10.7073,22.2247,71.37,83,93,0.45,AO,1619796693
Mocajuba,-2.5842,-49.5072,83.98,66,95,4.05,BR,1619796730
Les Cayes,18.2,-73.75,83.57,61,27,9.08,HT,1619796630
Douentza,14.9951,-2.9517,107.83,10,26,6.26,ML,1619796731
Chulym,55.0997,80.9572,45.37,60,56,7.52,RU,1619796731
Sakakah,29.9697,40.2064,95.0,10,0,6.91,SA,1619796653
Al Bardīyah,31.7561,25.0865,77.41,45,2,7.99,LY,1619796735
Ati,13.2154,18.3353,104.47,6,1,7.74,TD,1619796735
Oodweyne,9.4092,45.064,79.47,53,76,7.25,SO,1619796736
Georgiyevka,43.0369,74.7114,64.4,59,75,24.61,KZ,1619796736
Newnan,33.3807,-84.7997,71.6,43,1,14.97,US,1619796682
Takoradze,4.8845,-1.7554,86.04,62,76,10.67,GH,1619796737
Huilong,31.8111,121.655,66.99,76,100,10.78,CN,1619796737
Voghera,44.9947,9.0086,66.0,75,100,1.99,IT,1619796738
Purpe,64.4803,76.6897,32.0,92,100,18.48,RU,1619796738
Shambu,9.5667,37.1,55.62,82,99,4.65,ET,1619796742
Buluang,13.3068,123.3425,74.52,86,44,3.51,PH,1619796742
Hambantota,6.1241,81.1185,78.8,100,75,2.3,LK,1619796742
Guerrero Negro,27.9769,-114.0611,73.87,44,0,8.32,MX,1619796743
Dyurtyuli,55.4911,54.8688,47.61,46,77,3.94,RU,1619796684
Saint-Leu,-21.15,55.2833,78.8,78,0,3.44,RE,1619796743
Dinguiraye,11.3,-10.7167,98.01,22,96,4.41,GN,1619796744
Ulaanbaatar,47.9077,106.8832,32.0,74,40,4.47,MN,1619796744
Angoche,-16.2325,39.9086,80.2,77,9,5.7,MZ,1619796596
Geraldton,-28.7667,114.6,59.0,63,75,12.66,AU,1619796634
